Sensor0,Sensor1,Sensor2,Sensor3,Sensor4

3,612,495,496,496
493,396,493,497,496
493,296,495,4,498
496,493,796,494,499
496,493,752,493,496
496,493,612,495,496
496,493,396,493,497
496,493,296,495,497
495,494,235,496,496
494,494,240,492,498
497,493,265,493,495
494,494,338,494,498
496,493,444,493,498
495,494,567,493,497
496,494,733,492,497
494,493,801,495,499
497,494,784,494,496
495,494,710,495,500
496,493,513,494,497
496,493,338,494,497
495,494,266,493,496
496,493,231,495,496
497,493,259,493,496
495,493,280,494,496
494,494,379,493,496
495,493,500,493,497
494,494,632,495,499
496,494,777,493,497
496,493,797,495,497
498,493,767,494,498
498,493,640,494,498
496,493,421,494,497
495,493,304,492,497
495,494,241,492,494
496,494,239,495,497
495,494,266,495,497
495,493,321,494,496
494,493,433,493,497
496,494,554,494,497
496,494,718,495,496
495,493,798,493,497
496,493,783,493,497
497,494,730,490,497
494,493,538,490,497
496,493,351,491,496
495,493,280,493,499
496,493,236,495,498
495,493,255,497,498
495,493,283,498,497
497,493,362,494,496
495,493,484,494,496
495,493,613,495,496
494,493,766,495,496
496,494,798,493,496
495,493,771,496,497
495,493,659,493,497
495,493,447,496,496
495,493,314,494,497
497,493,248,493,498
497,493,242,495,496
495,493,261,496,498
495,494,312,492,496
496,493,415,495,497
495,493,537,495,496
494,494,684,495,496
494,493,799,495,499
496,493,784,493,498
494,493,749,493,497
498,493,565,493,497
496,493,370,493,496
496,494,290,494,498
498,493,233,495,496
495,494,254,494,498
495,493,276,493,498
495,494,351,495,497
495,493,469,494,497
494,493,595,495,498
497,494,759,495,497
495,493,805,494,498
495,493,769,493,497
496,493,675,492,496
496,493,475,493,496
495,493,327,495,497
496,494,256,493,495
493,494,233,494,498
496,494,265,494,499
495,493,304,494,498
495,494,404,493,497
495,493,522,494,498
495,493,664,492,497
494,493,789,494,497
495,493,785,494,496
495,493,751,493,496
495,493,595,493,498
496,493,392,493,496
495,493,298,495,496
494,493,235,492,497
497,493,249,492,498
496,493,280,494,499
496,493,332,494,497
496,494,454,494,497
495,493,573,495,498
494,493,740,496,497
495,493,798,494,496
494,493,772,495,499
496,493,690,494,496
496,493,505,494,497
495,493,332,493,497
496,493,265,492,497
497,494,238,493,497
494,493,257,494,499
496,493,294,493,495
494,494,391,495,498
495,493,506,494,498
495,493,640,495,498
494,493,782,495,496
494,493,793,494,500
495,493,754,493,498
496,493,630,493,496
496,493,410,494,496
495,493,306,492,496
496,493,237,496,497
494,493,245,493,498
497,493,270,494,496
496,493,332,494,498
495,493,437,493,497
495,494,560,495,497
496,493,714,493,498
495,493,795,493,498
497,493,774,494,496
495,493,712,494,496
496,493,529,493,499
494,493,350,494,497
495,493,276,492,496
494,493,242,493,498
497,493,261,492,499
497,494,288,492,499
497,494,376,493,498
495,493,489,494,497
495,493,621,496,498
494,493,769,492,498
494,493,790,493,496
495,493,758,490,496
494,494,648,493,496
495,493,439,495,496
495,493,314,497,496
494,493,244,494,495
497,493,244,493,497
497,493,272,494,497
497,493,315,495,496
495,493,424,494,498
495,493,543,494,497
495,494,697,496,499
495,494,791,496,497
494,493,780,495,498
497,493,743,495,496
495,493,558,495,498
496,493,365,494,496
495,493,287,493,497
497,493,238,493,496
498,493,260,493,498
494,493,280,494,499
496,493,362,493,496
495,493,476,494,498
495,493,600,495,498
495,493,759,496,498
494,493,796,494,498
497,493,760,493,495
497,493,675,494,496
496,493,461,494,497
495,493,323,492,496
496,493,257,492,497
494,493,241,494,498
497,493,267,494,495
494,493,315,494,499
495,493,410,494,498
496,493,527,494,498
494,493,665,492,496
496,494,789,495,498
497,493,785,494,496
495,494,743,495,496
495,493,582,493,497
495,493,389,495,496
495,494,300,496,498
495,493,239,492,497
494,493,252,495,498
497,493,284,495,499
497,494,349,494,498
496,493,460,494,497
495,493,577,495,498
495,493,741,493,497
496,493,790,495,497
495,493,764,494,496
496,493,682,494,495
496,493,494,494,497
495,493,331,493,496
495,493,271,493,495
496,493,242,492,497
497,493,267,492,497
497,493,302,495,496
494,493,398,493,498
496,493,511,495,496
495,493,649,496,500
496,493,779,496,498
495,493,784,495,498
495,494,752,496,497
498,493,613,495,496
496,493,408,493,496
496,493,303,494,496
496,493,236,492,495
496,493,252,492,496
496,494,279,496,497
497,493,336,493,495
494,493,443,493,497
495,493,562,495,499
496,494,724,494,499
496,493,792,493,497
497,494,768,496,497
495,494,705,493,498
495,493,516,495,496
495,493,342,494,496
495,493,276,493,495
496,493,249,495,496
497,494,263,495,497
495,493,293,492,497
497,493,380,494,497
496,493,491,493,497
496,493,625,493,498
497,493,763,495,497
496,493,789,495,496
496,494,754,496,498
495,493,639,496,497
496,493,429,494,496
495,493,316,493,497
496,493,242,494,496
495,494,255,493,498
496,494,274,492,496
496,493,322,494,496
496,493,428,495,496
495,493,547,495,498
497,493,698,494,496
495,493,792,494,499
495,494,775,493,499
495,493,731,492,498
495,493,547,492,496
496,493,361,495,496
496,493,291,495,495
494,493,243,496,496
495,493,258,494,496
496,493,288,493,495
495,493,366,496,497
496,493,477,494,497
496,493,606,495,496
497,494,759,494,498
496,494,790,495,499
496,493,762,495,497
496,494,657,493,498
496,494,456,493,496
495,493,326,495,496
495,493,254,495,496
494,493,245,493,495
495,493,281,496,498
494,493,314,493,496
494,493,418,495,496
495,493,532,494,497
497,493,675,493,498
498,493,786,495,496
495,493,773,496,499
495,493,737,493,496
496,493,570,495,496
495,493,380,494,497
495,493,295,495,495
494,494,245,495,495
496,494,264,494,495
495,493,282,495,498
495,493,351,493,497
496,494,460,494,497
496,493,583,494,497
497,494,741,495,497
495,493,789,494,498
496,493,760,492,498
494,493,679,497,498
495,493,482,494,497
495,493,335,494,496
496,493,269,494,496
494,494,250,494,498
496,493,269,493,496
496,493,302,492,496
496,493,402,493,497
495,493,517,495,497
495,493,651,493,497
494,494,772,496,498
496,493,781,496,499
495,493,747,496,499
495,493,601,496,496
496,493,399,494,496
496,494,303,494,497
497,494,249,494,496
495,494,253,494,496
496,494,279,493,497
497,494,338,493,496
495,493,449,494,498
496,494,567,495,497
494,494,731,494,500
497,493,789,496,499
496,493,767,496,498
495,494,693,494,497
495,493,508,495,497
496,493,341,495,496
495,494,275,494,496
494,493,244,493,495
496,494,266,495,498
495,494,297,492,497
497,494,387,496,496
496,494,501,495,497
496,493,630,494,498
498,493,766,493,499
497,493,784,495,496
495,493,746,497,500
496,493,624,494,497
496,494,422,495,497
495,493,312,495,497
495,494,248,496,497
495,494,256,494,498
495,493,275,493,499
496,494,336,492,496
496,494,433,493,498
496,494,550,493,498
496,495,700,497,498
495,494,786,496,498
497,493,765,496,496
496,494,722,496,499
497,494,538,495,498
496,493,357,495,498
496,494,287,494,498
495,494,250,494,499
498,494,263,495,496
495,494,291,492,496
495,494,369,491,498
497,494,485,492,497
496,494,614,496,498
496,494,756,495,497
495,494,784,497,498
497,493,761,496,499
497,494,655,496,499
496,493,449,495,496
495,494,324,495,497
496,494,252,493,496
495,493,253,496,497
494,494,276,496,496
495,493,319,495,496
496,494,423,494,497
495,494,535,494,498
496,494,679,493,496
495,494,783,493,497
497,493,771,494,498
498,494,735,497,496
494,493,562,495,497
496,493,373,494,497
496,494,299,495,497
495,494,253,495,498
495,493,262,495,498
495,494,287,493,497
497,494,354,495,496
496,493,469,494,497
495,493,589,494,496
495,494,742,494,496
497,493,784,493,497
495,493,759,496,498
498,493,672,495,497
495,493,473,493,496
495,493,333,495,497
495,494,266,495,498
496,494,246,492,496
497,494,275,496,496
497,493,310,493,495
495,494,406,494,497
495,493,520,495,497
495,493,651,495,499
496,493,782,494,497
496,494,776,497,498
495,493,745,493,497
498,493,592,494,497
496,493,392,495,497
497,493,304,494,498
495,494,240,494,498
495,493,260,492,496
497,493,286,495,496
494,494,343,495,496
495,493,453,495,498
496,493,573,495,498
496,493,728,495,496
496,493,789,496,497
497,493,766,494,497
497,493,687,494,498
497,493,500,494,496
495,493,338,492,497
496,493,268,491,496
495,493,249,493,497
494,493,272,494,496
494,493,296,495,497
494,493,394,495,497
495,493,506,497,498
496,493,638,496,496
495,493,766,495,497
497,493,780,495,497
497,493,747,495,497
498,494,617,496,496
495,493,413,495,497
495,493,307,494,497
496,493,251,495,499
495,493,256,496,498
495,493,280,496,496
497,493,335,495,496
495,493,437,493,497
496,493,555,494,496
495,493,708,495,496
495,493,782,494,497
496,493,770,496,497
497,493,708,493,497
494,493,524,495,497
496,493,352,493,497
496,493,287,494,498
497,493,252,492,496
496,493,270,496,496
494,493,292,492,496
495,493,376,493,496
495,493,490,493,497
495,493,615,494,497
495,493,756,494,499
495,493,787,493,496
497,493,754,497,497
495,493,645,494,497
496,493,436,494,496
496,493,319,494,497
497,493,248,494,495
496,493,257,495,496
496,494,273,496,498
494,493,327,496,496
495,493,425,495,497
496,493,540,494,497
496,493,688,495,496
494,493,787,495,499
497,493,769,492,496
496,493,728,493,496
497,493,551,494,497
495,492,367,495,496
497,493,295,495,496
494,493,248,494,498
496,493,267,494,498
495,494,292,496,498
495,493,361,495,498
496,493,473,494,497
495,493,596,496,499
498,493,753,494,497
496,493,786,493,496
496,493,756,493,497
496,493,662,496,497
495,493,461,494,496
495,493,325,495,496
497,493,262,492,498
498,494,252,495,498
496,493,275,495,499
496,493,309,492,497
495,493,411,494,497
496,493,526,495,497
495,493,664,495,496
495,493,780,494,496
495,493,779,495,499
496,493,741,493,496
495,494,579,496,497
496,493,383,493,496
496,493,300,493,497
497,493,246,493,498
497,493,259,493,495
495,493,289,495,498
495,493,343,492,497
495,493,461,493,497
496,494,580,495,497
494,494,737,496,497
496,493,792,493,496
495,493,761,495,499
495,493,675,491,496
497,493,489,489,496
495,493,333,489,496
496,493,264,491,496
494,493,248,495,498
495,493,263,497,499
495,493,304,498,498
495,493,397,496,498
495,493,510,496,497
496,493,643,496,497
494,493,775,495,499
497,492,776,493,496
496,493,746,493,496
496,493,605,493,497
496,493,403,494,497
495,493,306,496,496
498,493,242,497,497
494,493,254,493,499
497,493,282,494,498
497,493,338,495,499
495,493,438,494,497
495,493,563,495,497
496,493,716,493,500
495,493,789,496,496
494,492,766,495,496
494,493,699,495,499
498,492,518,495,496
494,493,343,494,497
497,493,272,493,495
494,493,242,493,495
496,493,263,493,496
496,493,294,496,497
497,492,384,493,496
495,493,495,494,498
496,493,626,494,498
497,493,768,493,499
496,493,786,495,499
496,493,749,492,496
497,493,641,496,497
495,492,420,494,496
495,493,312,495,496
495,493,247,496,497
495,494,246,495,498
498,493,277,494,495
494,493,328,494,498
495,493,425,494,496
496,492,546,493,495
494,492,694,493,495
494,493,788,495,499
496,492,773,493,496
493,493,723,493,497
498,492,543,493,496
496,492,358,493,496
495,493,288,494,495
494,492,246,493,498
495,493,256,494,496
495,493,289,495,498
495,493,367,495,497
495,492,481,494,497
495,492,604,495,498
497,493,757,496,497
494,492,790,494,498
495,493,754,493,496
494,493,655,493,495
495,492,451,495,496
494,492,321,494,497
495,492,250,492,499
497,492,248,492,496
494,493,268,494,495
494,493,314,494,495
494,493,414,493,498
496,493,534,494,496
494,492,683,494,499
494,493,782,494,496
496,493,778,489,496
496,493,742,489,496
495,493,568,491,497
496,492,376,492,496
494,493,292,493,498
498,492,242,493,498
495,493,259,497,498
495,493,284,498,498
494,492,345,493,497
494,493,464,495,495
495,493,585,495,497
494,493,746,496,497
495,493,789,495,495
494,493,762,495,499
496,492,672,493,496
495,493,478,495,496
495,492,326,493,496
496,493,260,492,495
495,493,242,492,496
493,493,266,495,497
497,493,302,495,496
493,493,402,493,497
496,493,518,493,497
496,493,656,494,499
496,493,775,494,497
495,493,784,495,498
496,492,749,493,498
495,493,595,495,497
495,492,395,494,495
495,493,301,494,495
494,494,235,493,499
496,493,247,492,495
495,493,280,496,498
496,493,334,493,497
496,493,449,493,497
495,493,567,494,498
494,493,727,494,499
497,493,799,493,497
495,493,772,497,498
494,493,699,496,497
495,493,509,495,497
495,493,338,493,497
496,493,268,494,495
497,493,243,495,496
496,493,257,492,496
497,493,293,492,496
496,493,385,493,497
495,493,500,493,497
496,493,635,494,496
494,493,778,494,499
496,493,791,495,499
495,493,759,496,498
494,493,631,496,497
496,492,413,493,496
495,493,307,494,497
496,492,233,494,495
495,493,242,492,495
495,493,272,492,496
496,493,329,496,497
494,493,434,493,496
495,493,556,494,498
497,493,713,493,499
497,493,797,494,498
496,493,780,495,496
496,493,714,495,498
495,492,531,493,496
495,493,348,495,497
495,493,276,496,495
494,493,239,494,495
494,493,260,494,499
496,493,282,492,498
495,493,372,493,496
495,492,482,494,496
495,492,616,493,497
496,493,766,493,498
496,492,788,494,496
495,493,767,495,498
495,493,649,493,498
495,492,441,494,496
495,493,318,494,496
494,493,247,496,496
497,493,241,494,495
494,493,272,493,498
495,493,309,492,496
495,493,417,492,496
495,493,539,492,496
494,493,691,496,498
497,493,795,494,496
495,493,780,495,499
496,493,743,494,499
497,493,561,495,497
496,493,367,494,496
495,493,287,494,497
495,493,233,493,496
494,493,249,495,496
494,493,275,491,495
494,493,351,490,496
494,493,469,491,497
496,493,597,493,496
495,493,763,496,499
493,493,796,495,498
497,493,769,495,498
497,493,676,494,498
496,493,465,494,497
495,493,324,493,495
494,493,248,495,499
494,493,236,496,497
493,493,264,495,496
493,493,303,492,497
496,493,401,494,497
494,493,526,494,497
494,493,660,494,497
495,493,784,492,496
496,493,785,493,496
494,493,750,497,497
498,492,589,494,496
495,493,383,494,497
496,493,293,494,498
497,493,238,493,498
496,493,249,495,498
495,493,270,492,497
494,493,339,495,496
495,493,452,494,497
495,493,574,494,497
494,493,740,495,496
495,493,796,494,499
496,493,768,492,496
496,493,695,496,498
496,493,491,493,496
496,493,329,493,496
496,493,265,492,496
493,494,230,493,499
497,493,262,491,495
495,493,296,494,499
495,493,391,495,497
495,493,508,495,498
495,493,643,493,497
497,493,779,494,496
497,493,795,494,496
495,493,753,494,496
495,493,613,493,496
496,493,406,493,495
495,493,301,495,497
495,493,233,491,496
497,493,242,494,496
497,494,272,493,498
497,493,331,493,498
495,493,440,494,497
495,493,556,493,498
495,493,726,492,496
496,493,798,495,497
494,493,776,495,497
494,493,713,494,495
495,493,528,494,497
496,493,343,493,496
495,493,279,496,496
496,493,233,493,497
497,493,257,492,497
496,493,288,492,496
493,493,370,494,498
496,493,495,493,496
494,493,627,495,499
495,493,776,496,498
494,493,795,495,496
494,493,763,495,496
497,493,650,494,496
495,493,430,493,496
495,493,308,492,496
496,493,236,492,495
496,493,242,492,497
497,493,267,495,497
494,493,321,493,498
495,493,424,494,497
495,493,548,493,499
495,493,703,495,499
496,493,799,495,497
496,493,782,494,497
495,493,740,491,499
497,493,546,493,497
495,493,359,494,496
495,493,283,494,496
495,494,241,496,497
496,493,251,492,497
494,493,280,493,498
497,493,360,490,498
496,493,476,490,498
496,493,607,492,498
495,493,758,494,496
497,493,799,496,497
497,493,772,495,496
494,493,663,495,497
496,493,458,493,496
495,493,321,493,497
495,493,253,493,495
495,493,239,496,497
494,494,265,493,498
497,493,310,492,498
496,493,412,493,497
495,493,530,494,497
495,493,678,495,496
495,493,793,496,497
494,493,786,495,497
494,493,747,495,496
495,493,579,494,497
496,492,376,493,497
495,493,293,494,497
496,494,231,492,497
497,493,247,493,497
496,493,278,492,497
497,493,348,493,497
494,494,457,494,497
496,493,585,493,497
495,494,755,496,501
495,493,799,495,498
495,493,775,495,496
494,493,688,493,499
495,493,483,494,497
495,493,331,494,496
495,493,255,493,496
495,493,234,491,496
496,493,261,495,496
494,493,295,492,498
496,493,395,493,497
495,493,516,493,498
495,493,654,493,499
496,493,790,495,499
496,493,789,492,498
494,493,754,492,498
498,493,605,494,496
495,493,398,494,497
495,493,298,493,496
495,494,231,493,496
495,493,248,495,499
496,493,271,492,497
493,493,332,493,497
496,493,444,492,497
496,493,567,493,498
496,493,735,494,496
494,493,802,495,499
495,493,779,492,497
494,493,705,497,497
494,493,513,494,497
495,493,339,494,496
496,493,274,494,496
494,493,230,494,498
494,493,254,492,496
496,493,286,492,497
497,493,380,493,497
496,493,499,494,497
494,493,633,493,499
494,493,774,494,498
495,493,798,494,499
495,493,762,492,499
495,493,641,493,497
496,493,425,492,496
496,493,305,494,496
495,493,244,493,499
495,493,235,494,496
495,493,265,494,496
496,493,320,494,496
494,493,430,496,497
495,493,551,495,496
494,493,713,494,499
497,493,798,495,499
496,493,783,496,499
494,493,726,493,496
497,493,539,495,497
496,493,356,493,496
494,493,278,494,496
494,493,232,493,496
495,493,252,492,498
495,493,287,493,496
496,493,368,494,497
495,493,486,494,498
496,493,614,494,499
497,493,769,493,499
495,493,800,494,498
496,493,764,492,498
495,493,662,493,497
496,493,447,495,497
495,493,316,494,497
494,493,243,494,496
493,493,244,495,499
495,493,261,492,497
495,493,317,496,497
496,493,416,493,497
495,493,535,493,498
497,494,687,492,496
493,493,789,495,499
496,493,781,492,497
496,493,748,496,498
495,493,564,495,497
495,493,372,493,497
495,493,291,494,498
494,493,229,494,498
495,493,255,492,496
496,493,277,492,496
496,493,349,493,497
496,493,466,493,497
495,493,590,495,497
494,493,756,493,499
495,493,797,494,499
495,494,771,496,499
495,493,681,496,497
495,493,478,495,496
495,493,326,495,497
495,493,260,493,498
497,493,233,493,496
495,493,259,492,496
495,493,298,492,496
496,493,405,495,498
495,493,520,493,498
494,493,661,493,497
496,493,788,494,499
496,493,788,494,499
496,493,756,493,495
495,493,599,495,498
495,493,390,493,496
495,493,298,495,497
494,493,238,496,496
493,493,244,494,495
494,493,274,494,499
496,493,341,493,496
494,493,454,493,497
495,493,573,493,497
496,493,733,492,497
496,493,798,493,498
497,493,772,495,496
497,493,698,493,496
495,493,504,494,497
495,493,336,494,497
495,493,270,495,499
495,493,241,492,496
496,493,260,496,497
494,494,295,492,498
494,493,385,494,497
495,493,501,494,497
495,494,634,492,496
496,493,781,495,497
496,493,787,496,497
495,493,759,492,497
497,494,624,490,498
496,493,412,489,497
496,493,307,490,497
496,493,235,495,496
496,493,248,498,496
495,493,272,499,497
494,493,328,497,497
494,493,434,495,497
495,493,556,494,498
496,493,711,496,496
494,493,797,495,498
495,493,775,493,497
496,493,715,492,497
497,493,531,493,496
495,493,353,494,496
496,493,281,494,496
494,494,247,494,499
495,493,263,496,499
495,493,288,496,497
495,493,373,493,497
495,493,488,494,498
496,493,619,493,496
494,493,764,495,496
495,493,787,493,497
496,493,758,492,497
496,494,650,496,498
495,493,435,493,496
495,493,317,494,496
496,493,249,492,498
497,493,246,494,499
496,494,275,494,498
495,493,315,492,498
495,493,421,493,496
495,494,544,495,497
494,493,688,496,497
494,493,787,494,497
494,493,783,494,499
495,493,733,492,496
495,493,558,494,496
495,493,366,493,496
496,493,290,493,497
497,493,240,493,495
494,494,254,493,499
496,493,279,492,496
495,493,363,495,497
495,493,474,494,498
495,493,597,495,498
494,493,755,496,498
496,493,796,494,497
495,493,758,494,499
496,493,664,493,496
496,493,464,493,497
495,493,324,493,496
496,494,262,495,498
494,493,244,491,498
494,493,267,494,498
496,494,314,492,499
495,494,409,493,498
496,493,525,493,497
496,493,663,496,500
496,493,780,494,497
497,493,780,496,496
494,493,741,496,497
496,493,580,495,497
496,493,390,494,497
494,493,294,493,498
494,493,247,492,496
497,494,257,493,497
496,493,282,493,498
497,493,347,493,499
496,494,456,493,497
496,493,578,494,499
496,494,737,491,499
495,493,792,495,497
496,493,765,494,497
495,493,684,495,499
497,493,497,495,497
496,493,337,493,497
495,494,268,492,495
495,494,243,492,497
497,493,267,492,498
497,494,298,494,496
496,493,397,492,497
495,493,511,492,498
495,493,647,493,500
496,493,779,495,500
496,494,784,494,498
497,494,751,498,498
494,493,615,497,499
495,493,408,495,497
494,494,307,494,496
495,494,239,494,495
496,493,252,492,497
496,493,284,492,497
497,493,336,495,497
496,494,446,494,497
496,493,561,493,498
497,493,720,493,499
499,494,789,494,497
496,493,773,494,496
497,494,703,493,498
496,494,523,493,498
497,493,346,494,498
495,494,282,493,498
496,494,244,496,496
495,494,267,493,498
495,493,290,493,495
494,493,377,494,497
494,493,491,493,497
495,493,624,495,496
496,493,764,497,496
495,493,790,494,499
498,493,759,495,500
498,493,643,495,498
496,493,431,494,496
494,493,315,493,496
494,493,248,495,496
497,493,253,493,495
494,493,273,494,496
495,493,321,494,498
495,493,427,495,498
494,493,545,494,497
494,493,696,496,498
495,494,791,494,498
495,493,776,495,500
495,493,732,495,500
496,493,544,494,497
496,493,361,493,497
498,493,290,495,496
494,494,249,496,496
493,493,258,495,496
493,493,295,494,499
494,494,364,493,497
493,493,479,494,497
494,494,604,493,497
497,493,754,494,498
497,493,788,494,499
497,494,762,494,495
493,493,665,495,498
494,493,454,493,496
493,493,328,495,495
491,494,258,496,496
491,494,247,494,495
495,493,279,493,494
493,493,311,494,498
496,493,414,493,496
495,493,529,494,497
496,493,669,493,497
497,493,780,495,497
495,493,778,497,500
496,493,736,496,501
498,492,575,497,500
499,493,381,495,498
497,493,299,496,497
497,493,245,498,497
495,493,261,495,500
496,493,281,495,496
493,493,348,494,497
495,493,460,496,497
491,493,580,494,497
490,493,744,497,498
497,493,787,496,497
497,493,766,495,500
498,493,680,496,500
499,493,483,495,498
498,494,332,493,497
496,493,269,497,499
497,494,248,493,497
494,493,270,494,496
495,494,301,495,497
495,493,398,494,498
497,493,518,494,497
495,493,649,497,499
493,493,773,494,498
494,493,780,494,498
495,493,747,494,499
496,493,597,495,497
496,493,401,495,496
497,493,303,494,497
498,493,251,495,497
496,493,255,495,497
495,493,278,494,497
495,493,344,495,499
495,493,445,496,498
496,493,566,496,497
496,494,721,495,497
496,492,785,496,500
498,493,765,496,496
493,494,691,495,499
494,493,506,493,497
493,493,343,495,497
493,493,280,496,497
493,494,247,495,495
495,493,271,495,499
496,493,294,497,502
497,493,389,496,498
491,493,499,496,497
488,493,625,495,497
489,493,760,499,499
492,493,783,497,500
496,493,745,495,496
501,493,631,495,498
498,493,424,493,497
492,493,315,494,498
490,494,252,494,493
493,494,254,496,495
490,493,278,495,497
490,493,327,497,496
492,493,432,496,497
495,493,547,494,498
499,494,706,492,503
499,493,781,492,501
497,494,768,491,497
499,494,719,494,497
499,493,537,499,500
497,493,360,497,497
485,493,292,495,498
488,493,242,493,495
492,494,270,493,497
495,493,295,491,496
496,493,370,489,498
496,494,485,489,499
490,494,608,492,501
492,494,754,492,497
496,493,785,496,497
495,493,758,498,499
499,493,656,497,499
500,493,448,495,496
497,493,326,495,496
499,493,253,495,500
499,493,256,497,500
501,493,280,497,500
497,493,321,497,501
495,493,422,500,499
494,493,538,498,498
491,494,680,497,495
491,494,784,496,498
497,493,773,496,499
496,493,739,500,499
497,494,566,495,497
492,493,377,492,497
492,494,304,494,497
493,493,257,495,497
486,494,264,494,496
490,493,292,497,499
491,493,363,498,498
477,494,472,493,495
483,494,594,488,495
495,494,744,487,496
489,494,789,484,497
478,494,765,482,499
488,494,669,490,499
494,493,478,494,501
495,493,338,498,502
506,494,273,500,504
512,493,252,494,498
502,493,276,486,499
501,494,311,491,496
499,493,409,491,500
492,493,524,495,500
483,493,662,496,500
488,493,776,492,498
483,493,776,497,498
490,494,749,503,498
489,493,594,506,498
482,493,395,498,496
493,493,302,493,497
500,494,243,490,499
506,494,259,495,500
510,493,284,497,501
508,493,342,499,501
499,493,451,500,499
496,493,574,504,498
496,493,729,504,499
480,493,787,494,495
478,494,766,488,494
481,494,688,474,493
471,494,495,467,492
475,494,340,470,498
486,493,270,477,503
488,494,247,492,504
489,493,269,501,503
501,493,296,505,499
507,493,396,517,497
505,493,506,515,499
496,493,634,503,495
485,494,767,496,496
472,493,779,496,498
488,493,746,496,496
493,493,621,495,496
499,493,410,492,500
516,493,314,496,505
517,493,252,498,503
503,493,255,499,499
465,494,277,495,494
434,493,329,499,490
440,494,437,501,494
470,494,555,497,494
491,493,707,482,499
495,493,782,461,503
486,494,768,444,495
497,493,708,463,500
514,493,528,469,506
511,494,351,475,510
514,493,288,491,511
515,493,243,496,500
501,494,270,496,500
500,493,291,505,501
487,493,377,502,497
479,493,489,508,498
489,493,614,497,498
505,494,757,486,501
518,493,786,484,504
512,493,751,498,503
503,494,642,507,497
490,493,434,521,498
475,493,316,527,496
473,494,249,519,495
486,494,244,510,493
489,493,279,499,498
502,494,328,490,501
496,493,421,474,503
480,494,538,467,503
488,494,685,482,506
503,493,785,500,507
520,493,772,519,503
530,494,729,520,498
509,494,552,514,498
498,493,367,507,497
492,493,287,495,492
470,494,247,476,495
467,494,263,467,498
471,494,288,471,497
489,494,359,471,497
502,493,475,481,503
508,494,597,498,497
498,493,750,516,499
509,493,786,514,502
510,493,757,507,497
499,493,668,513,500
501,493,462,511,503
499,493,327,514,501
483,494,261,513,499
452,494,250,508,498
449,494,273,502,496
476,493,316,507,499
493,494,409,499,498
515,493,526,498,499
508,493,663,500,502
499,494,777,494,498
502,493,778,492,498
502,493,743,490,501
502,493,574,489,504
497,493,380,478,503
490,494,296,470,502
483,494,233,478,500
493,494,258,485,499
512,493,278,486,498
512,494,342,476,499
512,493,457,480,504
506,494,574,486,502
503,494,732,484,502
495,494,786,493,496
496,494,764,501,494
499,493,679,520,496
501,494,489,521,499
502,493,332,518,507
487,494,263,513,505
448,493,245,500,494
429,494,266,488,492
431,494,301,488,488
455,494,395,497,494
516,493,514,498,505
530,493,642,491,516
540,494,779,490,513
538,494,781,494,513
519,493,750,495,505
503,493,607,492,499
496,493,402,489,490
502,494,302,503,489
503,494,243,494,491
490,494,251,492,494
495,494,279,488,502
503,493,332,477,509
500,493,441,455,513
499,494,561,459,509
482,494,716,474,502
484,494,790,496,503
495,494,772,531,501
484,494,704,551,496
493,494,523,545,499
502,494,342,531,499
499,494,279,516,495
466,494,246,505,490
445,494,263,496,493
468,494,291,486,496
506,494,383,486,505
539,493,495,485,508
520,494,624,489,505
506,493,765,504,500
511,493,788,507,498
518,494,760,497,496
482,494,632,491,504
473,494,423,457,505
476,494,313,446,503
476,494,249,447,506
498,494,244,449,505
483,494,272,474,491
484,494,327,500,492
501,494,428,533,497
507,493,548,542,501
519,494,697,525,512
522,494,788,501,504
489,494,773,500,498
450,494,729,500,501
482,494,546,505,498
504,494,362,504,499
535,493,283,505,501
533,493,247,507,503
504,494,260,510,502
491,494,282,499,498
490,494,363,491,496
481,494,478,491,499
479,494,604,491,498
483,494,766,504,496
485,494,789,508,499
486,494,762,517,505
487,494,662,508,502
528,494,451,490,508
527,494,319,484,505
511,494,246,474,499
503,493,244,465,502
506,494,271,455,498
502,494,313,466,494
470,494,412,477,501
460,494,532,491,498
463,494,680,498,494
493,493,787,522,501
531,493,781,528,506
528,494,745,517,498
500,493,567,507,498
496,494,377,505,501
479,493,293,498,506
473,494,243,503,507
475,494,255,501,501
489,494,277,493,492
485,494,344,497,493
478,494,461,506,506
497,493,582,485,507
534,494,742,459,510
533,494,790,452,506
508,494,760,456,497
495,494,677,463,489
503,494,476,496,488
504,493,329,518,496
502,493,266,530,505
496,494,243,523,503
492,493,266,522,499
471,494,302,510,494
488,494,398,517,498
506,493,519,531,507
525,494,652,535,509
510,494,783,521,506
490,493,782,494,502
476,494,750,484,505
493,493,598,476,506
485,494,394,468,503
500,494,296,473,499
496,494,242,480,494
479,494,248,485,489
491,493,272,510,500
505,493,332,509,503
512,493,447,507,502
512,495,564,479,493
495,493,725,474,487
469,494,793,493,497
468,493,771,499,500
484,493,696,492,499
531,493,508,470,509
539,493,333,497,513
512,493,272,499,505
489,494,236,492,495
462,493,255,508,494
454,494,288,528,501
492,493,386,523,509
538,493,499,497,505
538,493,634,490,501
499,494,767,504,503
464,493,785,517,499
493,493,757,518,499
510,494,620,514,501
520,493,410,496,500
507,493,303,458,503
497,493,235,436,502
482,493,240,448,500
482,493,267,443,502
491,493,325,469,503
496,493,431,507,501
502,494,550,536,493
502,493,707,538,489
508,493,793,543,498
482,494,772,546,501
463,494,720,506,499
472,494,529,494,499
520,493,349,488,509
534,493,281,478,512
523,494,243,462,507
509,493,257,477,512
501,493,287,479,500
504,493,366,499,493
503,493,484,528,498
493,493,614,545,499
477,493,769,530,497
470,493,788,502,492
454,493,757,493,494
453,493,653,494,501
497,493,438,478,498
524,493,319,482,498
535,494,243,492,496
515,493,241,494,499
496,493,271,483,500
488,493,311,489,501
468,493,417,495,499
471,493,540,486,502
488,493,690,485,504
512,494,793,495,515
525,493,784,488,517
512,493,742,483,500
507,493,563,502,494
502,493,370,531,494
499,493,291,535,497
508,493,239,526,496
511,493,251,518,502
520,493,277,501,500
475,494,350,481,493
459,493,465,475,498
478,494,596,466,500
514,493,756,485,508
539,493,799,507,513
497,493,769,504,505
484,493,678,497,492
495,493,467,512,493
513,493,323,494,500
506,493,254,468,503
463,493,234,463,505
468,493,263,469,502
487,494,311,476,503
526,493,405,505,501
533,493,531,543,503
523,493,668,538,503
515,493,787,515,498
503,493,789,501,498
504,493,753,498,507
496,494,585,476,503
483,493,387,462,500
480,493,294,464,505
483,493,237,470,498
490,494,255,496,488
476,493,275,535,494
488,494,343,547,494
512,493,455,537,498
531,493,576,518,500
518,493,740,497,501
509,493,791,495,501
500,493,773,499,504
496,493,685,495,505
481,493,494,480,499
474,493,331,482,496
474,494,263,479,493
448,494,231,483,483
425,494,265,505,490
464,493,293,516,502
496,493,393,512,503
545,493,510,494,510
538,493,642,483,516
542,493,783,470,509
537,493,793,477,508
523,493,759,483,505
507,493,617,483,495
474,493,408,505,498
469,493,302,500,496
473,494,240,469,482
461,493,245,476,489
463,494,271,478,497
471,493,328,483,502
512,493,440,502,508
509,493,561,518,507
510,493,720,535,499
538,493,803,544,508
551,493,778,536,505
524,493,714,520,502
516,493,527,504,496
510,493,343,503,499
508,493,273,499,501
500,493,236,506,505
498,493,258,497,500
499,493,288,493,499
503,493,377,480,498
501,493,493,487,502
500,493,628,497,503
501,493,775,493,502
500,493,792,482,502
498,493,765,482,497
481,493,647,479,496
470,493,429,485,498
469,493,312,491,497
500,492,240,492,498
524,493,244,483,504
516,493,273,487,503
504,493,324,488,496
470,493,429,483,495
457,493,550,492,493
475,493,704,492,496
522,493,801,494,500
533,493,782,510,497
507,492,742,531,499
478,493,550,525,498
468,493,361,501,497
470,493,285,496,506
501,492,248,494,504
506,493,254,493,501
493,493,288,490,501
478,493,365,492,495
475,493,479,503,496
513,492,608,502,497
536,493,768,473,500
534,493,798,459,496
503,493,767,478,497
491,493,665,497,498
491,493,458,501,498
480,492,327,520,504
499,493,252,517,503
508,494,239,503,502
514,493,272,493,498
511,493,315,513,499
476,493,413,520,493
465,493,536,503,494
474,494,675,489,496
518,493,793,496,501
511,493,784,494,504
489,493,745,477,497
481,493,582,472,499
509,493,380,455,505
522,492,289,456,505
507,493,238,474,498
512,493,254,507,493
512,493,280,527,495
510,493,352,545,501
492,493,460,526,504
492,493,586,504,502
494,493,751,500,502
501,493,796,490,502
487,493,769,489,497
455,493,691,493,489
457,493,484,501,497
487,493,330,509,495
511,493,262,507,498
543,493,238,510,505
517,492,257,505,506
512,493,299,498,502
519,493,394,491,498
512,493,517,494,504
508,493,650,501,503
504,493,782,495,503
505,492,787,491,496
501,493,758,496,501
502,493,606,497,500
499,492,398,487,499
497,493,297,467,499
499,493,229,465,495
496,493,248,472,495
492,492,276,492,497
493,492,336,508,499
476,493,448,519,499
474,493,567,520,497
484,493,736,519,499
511,493,797,511,502
516,492,781,499,498
504,493,704,495,497
503,493,514,490,496
498,493,335,496,496
489,493,270,491,496
454,493,228,492,489
465,493,261,484,493
471,493,288,472,495
472,493,378,479,500
466,493,499,492,504
479,493,632,498,504
550,492,775,495,504
553,493,795,511,505
521,492,762,514,503
515,492,638,507,501
517,493,420,509,497
511,493,303,510,499
512,493,240,509,502
503,492,244,506,498
496,493,269,497,497
486,493,320,488,494
490,493,428,487,495
490,493,551,485,499
498,492,708,487,499
486,493,798,494,508
485,493,780,491,503
499,492,733,476,496
515,493,542,491,497
512,492,353,503,496
510,493,282,512,499
507,493,239,501,499
503,492,249,494,498
504,492,282,502,501
504,492,365,498,497
501,492,483,495,495
499,493,614,497,493
497,493,764,502,495
497,492,801,501,491
497,492,770,499,493
496,492,663,493,500
499,492,446,487,500
499,493,316,486,499
500,492,246,486,502
499,492,235,486,500
497,492,263,489,502
500,492,308,491,493
498,492,415,490,488
499,493,535,488,482
499,492,691,494,486
500,493,799,499,487
498,493,786,502,495
500,492,752,506,502
498,492,568,513,502
498,492,371,509,499
498,492,282,502,499
498,492,226,496,501
500,492,243,496,500
493,492,272,494,497
483,492,343,488,499
482,492,465,469,502
491,492,592,467,504
503,492,762,482,505
512,492,803,497,505
504,492,777,505,500
500,492,681,517,498
497,492,473,522,493
494,492,324,510,496
500,492,247,502,498
500,492,235,499,497
500,492,263,498,498
498,492,298,498,495
493,492,400,497,497
493,492,520,492,497
488,493,659,493,495
489,492,790,491,496
494,492,787,488,496
505,492,759,495,500
513,492,597,496,498
506,492,387,497,497
503,492,293,494,497
504,492,233,490,499
500,493,245,489,497
495,492,274,491,499
494,493,330,490,498
497,492,452,493,496
498,492,576,499,495
503,492,742,505,497
501,492,800,504,498
501,492,782,498,492
500,492,702,496,495
501,492,500,492,491
499,493,330,491,489
499,492,261,490,488
499,492,232,494,492
500,492,257,492,492
498,492,282,490,495
500,492,388,487,494
498,492,504,488,497
498,492,641,489,495
499,493,788,496,493
498,492,796,496,494
498,492,760,493,495
499,492,625,493,494
500,492,412,492,495
499,492,302,491,495
497,492,228,494,503
497,492,234,494,502
499,492,265,494,500
499,492,323,494,499
498,492,432,500,499
498,492,556,502,497
499,492,724,499,497
497,492,796,499,498
499,492,783,500,495
496,492,724,500,496
498,492,529,498,494
500,492,344,495,494
498,492,272,493,495
497,492,226,491,494
499,492,247,492,494
499,492,276,492,495
499,492,370,489,495
500,492,486,489,497
499,492,622,490,497
502,493,774,490,495
501,493,801,494,493
498,493,762,496,493
497,493,658,498,497
498,493,431,493,498
499,492,310,492,501
499,492,239,496,499
498,493,231,494,498
497,492,258,493,499
498,492,309,492,495
497,492,422,497,499
498,492,543,499,496
499,492,693,494,495
499,493,799,494,497
498,492,783,493,495
500,493,748,493,492
499,493,557,492,495
502,493,362,492,494
499,493,287,495,495
498,493,226,494,496
500,492,248,498,499
499,493,278,497,499
497,492,350,499,499
498,492,472,498,499
500,493,600,501,502
503,494,767,500,498
503,493,807,502,500
502,493,774,499,500
505,493,675,495,499
504,493,464,494,497
499,493,320,495,498
499,492,248,495,497
502,492,238,497,496
499,492,264,496,498
498,492,309,495,498
496,493,408,496,497
497,492,525,495,497
497,492,673,499,498
495,493,791,497,497
496,492,789,494,496
496,493,752,496,495
496,492,586,497,495
500,493,383,496,493
497,492,294,495,495
499,493,226,492,495
500,493,243,486,495
500,493,273,484,497
501,493,341,488,498
501,492,457,489,497
499,493,582,493,496
500,493,751,494,496
497,493,806,496,498
497,493,781,496,499
497,493,685,494,497
497,493,495,498,499
498,493,327,499,498
497,492,261,501,498
497,493,235,499,498
497,493,259,498,496
498,493,283,496,498
498,493,389,495,496
496,493,509,494,499
498,493,651,494,499
500,493,788,496,499
499,493,787,496,496
500,493,765,494,495
497,493,611,495,497
501,494,402,495,496
501,494,303,494,498
500,493,236,496,497
498,493,244,495,498
499,493,268,494,496
498,493,327,498,499
498,493,443,496,499
499,493,565,495,497
498,493,725,496,501
501,493,807,494,496
499,493,785,497,497
497,493,712,493,497
499,493,525,494,496
497,493,343,494,497
497,493,269,495,496
498,493,238,494,495
496,493,251,496,498
497,493,287,496,497
497,493,378,495,496
498,493,495,494,497
498,493,629,496,497
496,493,778,494,499
497,493,795,494,497
497,493,764,493,495
498,493,645,494,496
498,493,430,494,496
497,493,312,494,496
497,493,238,492,496
499,493,241,493,497
499,493,271,493,497
499,493,322,494,498
498,493,422,494,496
499,493,551,494,497
498,493,699,496,499
498,493,797,495,497
498,493,783,496,496
497,493,734,493,498
500,493,544,494,496
498,493,357,493,498
498,493,276,493,496
498,493,231,492,495
497,494,249,492,495
496,493,279,494,495
497,493,361,494,496
495,493,474,492,496
496,493,606,492,496
498,493,763,492,496
498,493,792,494,496
500,493,771,495,497
499,494,660,493,498
498,493,453,494,498
499,494,320,495,498
497,493,250,495,499
497,494,235,493,497
499,493,262,496,497
496,493,309,494,499
496,493,408,494,497
498,493,531,493,496
496,493,674,494,497
499,493,793,494,496
497,493,783,495,498
496,493,746,491,496
499,493,570,492,496
497,493,375,492,496
497,494,290,494,496
497,493,234,490,497
497,493,245,492,499
499,493,277,492,499
499,494,349,494,497
498,494,463,493,497
496,493,583,496,497
494,493,751,492,497
497,493,792,494,496
498,493,764,492,495
497,494,678,492,495
497,493,482,493,496
497,493,329,493,497
498,493,260,494,496
496,493,236,494,498
499,493,264,492,498
499,493,300,494,498
497,494,395,490,497
497,493,516,491,497
497,493,653,489,497
496,493,779,492,496
497,493,783,494,495
497,494,749,493,499
498,493,605,492,496
499,493,398,494,495
497,493,298,493,495
499,493,236,493,496
498,493,250,493,497
498,493,269,492,496
497,493,335,493,496
497,493,444,491,497
496,493,565,491,497
496,493,728,493,496
496,493,793,494,496
496,493,775,496,499
496,493,695,492,495
497,493,512,495,497
498,493,337,493,497
498,493,273,492,497
499,494,242,492,495
496,493,252,493,498
497,493,288,491,496
497,494,383,494,497
496,493,500,493,497
496,493,630,493,496
495,493,773,492,499
498,493,785,491,498
497,493,760,491,496
498,493,627,492,497
498,493,418,492,496
497,493,310,494,496
496,494,240,491,498
498,494,243,491,495
496,494,273,494,497
496,493,327,493,497
496,493,432,490,496
498,494,553,490,497
499,493,708,489,497
496,493,797,493,499
498,493,773,492,496
498,493,719,493,496
498,493,538,493,495
497,493,356,494,497
498,494,284,492,495
495,493,237,494,498
496,493,260,493,497
497,493,288,493,496
496,493,370,491,496
497,494,482,492,497
496,493,614,492,498
495,494,760,493,497
497,493,787,492,496
497,493,760,491,497
496,494,658,496,498
498,493,442,494,495
496,493,318,491,496
498,493,249,490,497
499,493,247,490,497
497,494,275,495,498
496,494,313,492,497
496,494,419,492,496
496,493,537,493,496
496,493,680,493,495
496,494,788,491,495
496,493,777,495,497
496,493,739,491,496
498,493,562,494,499
497,493,369,493,497
498,493,292,491,498
498,493,244,492,498
496,494,251,491,498
497,493,286,490,495
497,494,355,494,497
496,493,468,492,497
497,493,592,493,496
495,494,755,492,499
497,493,788,491,497
496,493,768,494,496
497,493,669,491,497
498,493,470,492,496
497,493,328,491,496
498,493,264,492,495
495,493,245,492,498
497,493,267,490,495
496,493,308,495,497
495,493,404,495,496
495,493,523,494,496
496,493,659,490,496
495,493,779,487,496
497,493,778,489,496
497,493,745,487,496
496,493,590,487,496
497,493,391,490,496
496,493,297,490,495
494,493,245,494,496
497,493,255,494,498
497,493,281,493,498
498,493,346,492,496
495,493,449,492,497
496,493,572,491,496
496,494,740,494,498
495,493,789,494,496
495,493,766,492,495
495,494,687,492,495
497,493,501,492,496
497,493,335,491,496
496,493,266,490,495
496,493,241,489,495
499,493,267,490,497
497,493,293,493,496
494,494,393,491,497
495,493,506,492,497
495,493,641,493,498
496,493,778,493,497
496,494,787,493,496
497,493,753,492,496
495,493,622,492,497
496,494,409,493,496
495,493,304,491,496
496,493,236,491,495
496,494,256,494,498
497,494,276,491,496
495,494,332,491,496
496,493,438,492,497
496,493,555,491,498
497,494,718,491,498
498,493,787,492,496
496,493,773,494,498
497,493,710,491,497
495,493,524,492,497
496,493,347,492,496
495,494,282,493,497
498,494,243,491,495
496,494,268,489,497
496,494,287,488,495
496,494,373,488,495
496,493,488,492,495
495,493,621,497,498
497,493,763,493,497
495,493,789,493,499
497,493,760,493,499
498,494,650,493,498
496,493,436,493,496
495,493,315,493,498
496,494,244,490,495
495,494,249,494,496
495,494,273,493,496
495,493,321,493,495
495,493,424,492,496
495,493,542,493,497
495,493,699,492,499
498,493,785,492,496
496,493,773,491,497
497,493,732,491,496
498,493,553,493,497
497,493,364,491,496
495,493,289,491,496
497,493,243,490,497
497,494,261,491,497
496,493,290,489,493
496,494,361,492,497
495,493,472,492,496
494,493,601,494,497
493,493,756,495,497
495,493,790,492,496
496,493,768,493,496
495,493,661,494,497
496,493,459,491,495
495,493,322,491,496
496,493,253,490,495
496,493,247,490,495
497,493,269,493,495
497,493,314,491,494
495,494,409,492,497
496,494,526,492,498
496,493,672,493,499
496,493,788,491,496
497,493,779,493,496
495,493,751,491,497
494,494,575,492,496
495,494,383,492,496
495,494,295,491,495
495,494,247,493,496
497,493,253,493,496
495,494,283,491,497
498,494,347,491,498
496,494,458,492,497
495,494,580,492,496
496,494,747,493,499
497,493,793,491,495
494,494,766,493,495
495,494,680,492,495
495,493,488,492,496
495,493,334,492,497
495,494,262,491,496
496,493,245,494,497
497,494,268,492,497
497,494,301,491,497
497,494,399,491,496
494,493,513,492,498
495,493,649,491,496
496,493,784,493,497
494,493,784,493,497
495,493,751,491,496
495,493,617,492,498
496,493,402,492,497
496,494,307,494,495
496,494,239,491,496
496,494,252,492,497
498,493,281,491,495
494,494,331,492,499
496,494,442,492,497
496,494,568,493,498
494,494,728,494,499
494,493,793,493,497
495,494,771,493,495
496,494,708,493,496
495,493,517,493,497
495,493,341,492,496
496,493,274,490,496
497,494,242,491,497
496,494,260,493,495
494,493,295,492,499
495,494,379,491,497
495,493,498,492,496
496,493,628,493,497
495,494,772,494,498
497,493,792,492,496
495,493,762,493,500
497,493,633,491,496
496,493,423,493,497
494,493,311,492,496
495,493,247,494,496
496,494,250,491,495
494,493,270,492,497
495,494,330,492,498
494,494,429,491,498
496,493,549,491,497
495,494,703,489,497
497,494,787,493,496
497,493,782,494,495
495,493,723,493,496
495,493,540,493,496
495,493,363,492,497
494,494,287,491,497
497,494,242,492,495
494,493,264,492,497
495,494,289,493,499
495,493,368,493,497
495,494,481,493,496
495,494,608,494,497
498,493,763,495,496
495,493,790,493,495
495,493,760,491,496
495,493,658,494,497
495,493,448,492,496
495,493,323,492,496
496,494,254,490,496
497,494,246,492,498
496,493,272,492,498
496,493,319,492,494
495,494,413,493,497
495,494,532,492,496
496,494,680,495,497
494,494,787,493,496
495,494,778,492,494
495,493,750,492,497
495,493,565,491,497
496,493,378,492,494
495,494,293,492,497
497,493,238,491,498
497,493,257,492,494
494,493,284,493,498
496,493,347,491,494
494,494,468,492,495
494,494,589,493,497
494,494,750,494,497
496,493,800,492,496
494,494,764,494,500
496,493,674,492,496
496,493,477,493,497
495,494,326,492,496
496,493,261,491,495
497,494,238,493,495
496,493,267,492,495
494,494,298,493,498
494,493,401,493,498
495,494,518,493,498
494,494,655,491,497
497,494,783,493,496
495,493,790,493,499
495,493,749,492,495
495,493,596,492,496
495,493,396,492,495
494,493,301,494,495
496,494,236,494,495
494,494,251,492,497
495,493,278,493,498
495,493,338,493,498
494,493,447,492,496
495,494,571,494,497
497,494,736,491,497
493,494,796,493,496
495,494,770,490,496
496,494,693,491,496
496,494,509,492,497
495,494,335,491,496
496,494,268,494,496
497,494,240,493,498
496,493,260,492,498
496,493,291,493,498
495,493,382,492,497
495,493,500,492,496
495,493,639,494,498
492,493,778,495,496
493,493,787,493,496
494,493,764,493,498
496,494,623,492,496
496,493,416,492,495
494,493,306,491,495
495,493,234,491,495
495,493,244,491,495
493,493,267,492,498
495,493,317,491,496
495,493,438,492,497
494,493,557,493,497
494,493,716,494,498
494,493,795,494,496
496,494,782,493,496
494,494,717,493,498
496,493,531,492,495
495,493,352,492,495
495,494,276,491,495
496,493,238,493,495
493,493,256,491,498
494,493,279,492,498
495,493,373,493,497
494,493,485,492,498
495,493,616,493,495
496,494,768,494,495
494,493,796,492,498
496,493,761,491,496
494,493,649,492,496
495,493,435,492,496
495,493,317,493,496
496,494,243,490,496
493,493,231,491,497
496,493,269,491,497
494,493,317,492,497
494,494,418,492,497
494,494,540,491,496
495,494,690,494,497
497,493,798,492,495
495,493,782,492,495
495,493,738,492,495
495,493,557,491,497
495,493,369,492,496
494,493,282,493,496
494,493,235,491,497
495,493,250,492,497
495,493,277,493,499
495,493,349,491,496
494,493,471,493,497
495,494,597,493,497
493,493,759,495,496
494,493,796,493,496
495,493,766,493,498
495,493,670,491,496
495,493,466,493,497
495,493,321,491,496
495,493,252,491,496
496,494,234,492,498
496,493,261,492,494
495,493,297,493,498
494,493,401,492,496
495,493,527,493,496
494,494,667,494,497
493,493,790,493,496
495,493,794,493,498
495,493,750,492,499
496,493,590,491,496
495,493,388,491,495
495,493,291,492,496
497,493,231,493,495
494,493,247,492,498
495,493,265,491,495
495,493,344,491,496
494,494,457,491,497
495,493,576,491,497
497,493,747,490,496
495,493,799,494,498
496,492,773,492,496
496,493,690,492,495
495,493,494,493,496
494,493,328,491,496
495,494,263,494,495
495,494,233,492,494
493,493,252,492,497
494,493,293,493,498
494,493,390,494,497
494,493,509,491,496
495,493,646,494,497
493,494,786,493,499
495,493,792,492,495
494,493,757,491,495
495,493,615,492,496
495,493,408,492,494
494,493,300,492,495
494,493,232,490,496
496,494,244,492,498
496,493,270,493,498
495,493,320,491,495
495,494,441,493,496
494,493,560,491,497
493,493,728,494,497
493,493,802,493,496
493,493,776,493,496
494,493,711,493,499
495,493,522,493,495
494,493,341,492,497
495,493,272,490,496
497,494,233,491,496
497,494,253,491,497
495,493,279,491,498
495,493,377,492,496
495,493,497,492,497
495,493,630,494,497
493,493,777,495,496
494,493,803,492,498
495,493,764,491,494
495,493,651,494,495
495,493,428,492,495
494,493,309,492,495
495,493,237,490,496
493,493,234,491,497
495,493,260,492,495
494,493,323,493,498
494,493,429,492,497
494,493,550,493,497
494,493,703,494,497
496,493,804,492,496
494,494,783,493,500
495,493,734,492,496
494,493,548,492,495
494,493,361,492,496
493,493,282,493,496
493,494,234,492,497
493,493,244,493,498
495,493,283,493,498
493,493,364,494,497
494,493,477,493,497
495,493,608,492,496
493,493,767,492,498
496,493,799,493,495
495,494,771,492,496
494,494,666,492,496
496,493,457,493,496
495,493,318,492,496
494,493,243,491,496
497,493,239,492,498
495,493,267,493,497
494,493,309,494,498
494,494,409,492,497
494,493,534,494,497
495,493,680,491,496
494,493,797,493,496
494,493,787,493,496
494,494,751,492,499
495,493,581,492,496
494,493,376,493,496
495,493,289,491,496
496,493,233,491,497
495,493,248,493,498
495,493,269,492,495
494,493,347,493,497
495,494,459,492,497
494,493,588,493,496
493,494,754,496,497
494,493,801,493,499
496,493,774,491,495
495,493,690,495,498
496,493,481,492,496
494,493,325,491,496
495,494,258,491,496
496,493,232,492,495
494,493,254,493,498
495,493,287,491,496
494,493,397,493,496
494,493,520,493,497
493,493,653,494,497
493,494,791,494,498
494,493,792,493,499
494,493,761,492,496
495,493,606,492,496
495,493,397,493,495
494,493,296,493,495
494,493,235,490,497
495,493,237,490,495
495,493,272,492,497
494,493,335,494,496
494,493,446,496,497
495,493,567,493,496
494,493,735,492,498
496,493,799,493,496
495,493,779,492,496
496,493,703,492,496
497,494,513,492,496
495,493,338,493,496
494,493,269,492,496
492,493,226,493,498
494,493,258,493,497
493,493,287,495,497
493,493,377,491,496
494,493,502,493,496
494,493,636,492,499
493,493,776,493,497
494,493,794,492,497
495,493,763,492,496
494,493,637,495,496
495,493,419,494,496
494,493,304,492,497
496,493,237,491,498
494,493,241,494,498
494,493,261,491,496
495,493,321,494,496
495,493,430,492,497
494,493,552,492,496
493,493,710,493,496
493,493,797,493,496
495,493,781,495,498
494,493,729,491,496
496,493,534,494,497
496,493,353,492,497
495,493,280,493,498
495,494,237,493,498
495,493,249,490,497
493,493,283,491,496
496,493,364,493,497
494,493,485,493,497
493,493,613,493,496
492,493,774,493,499
494,493,798,491,496
493,493,768,495,498
497,493,660,491,497
495,493,443,492,496
494,493,314,494,496
494,493,237,492,498
495,493,232,491,496
495,493,263,494,496
494,493,312,494,495
493,494,415,494,497
494,493,536,494,497
495,493,691,492,496
493,493,795,495,498
494,493,785,491,497
496,493,748,491,496
497,494,565,493,497
495,493,367,493,496
494,493,289,493,497
494,493,226,492,498
494,493,249,494,497
494,493,279,495,496
493,493,347,494,498
496,494,467,493,497
494,494,599,494,499
495,493,755,492,496
496,493,801,491,497
495,493,774,492,497
496,493,676,495,496
496,493,473,492,496
494,493,321,492,497
495,493,256,494,499
495,494,238,494,496
493,493,262,494,496
493,493,299,491,497
496,493,400,493,496
495,493,522,493,496
495,493,662,490,495
495,493,787,492,497
496,493,790,493,497
495,493,752,492,497
497,493,590,494,496
495,493,389,492,497
495,493,297,493,497
494,493,241,494,497
493,493,244,492,497
493,493,271,494,497
495,494,339,492,496
494,493,451,493,497
494,493,575,492,496
494,494,739,495,500
495,494,801,492,497
496,493,775,494,496
495,493,698,492,499
496,493,502,492,497
495,493,335,493,496
494,493,266,495,495
495,493,233,494,496
493,493,259,492,497
496,493,284,493,495
493,493,386,492,496
493,493,509,493,497
494,493,643,495,499
495,494,782,492,496
493,493,791,493,498
497,494,765,493,499
497,493,629,494,498
495,493,410,493,496
494,493,304,493,496
493,494,231,491,495
493,493,239,494,495
493,493,268,493,495
492,493,323,493,495
495,493,437,492,497
494,494,559,493,497
494,493,718,491,496
495,493,801,490,497
496,494,783,491,497
496,493,721,491,498
497,493,526,492,496
495,493,346,494,496
494,494,272,496,498
494,493,239,495,496
494,493,255,495,495
493,493,282,491,498
497,493,369,493,496
493,493,492,493,497
494,493,620,492,496
495,493,768,492,496
496,493,798,493,496
493,493,761,494,497
497,493,656,493,495
495,493,434,493,498
495,493,313,493,498
494,493,247,495,498
493,494,239,492,497
496,493,264,493,495
496,493,323,493,496
494,493,418,492,496
495,493,543,492,496
495,493,694,492,496
496,493,798,496,497
495,493,788,493,498
496,493,735,494,496
495,493,555,494,497
495,493,366,493,496
493,494,287,495,497
496,493,232,492,496
493,493,250,492,497
495,493,274,492,496
494,493,354,492,496
494,493,473,493,496
494,493,603,495,498
494,493,761,492,496
493,493,797,495,499
496,493,774,493,499
496,493,676,494,498
495,493,464,494,496
495,493,318,493,497
494,493,250,491,495
496,493,232,493,496
494,493,259,492,495
495,494,304,492,495
494,493,408,493,497
493,493,530,494,497
494,494,674,495,497
493,493,793,494,499
496,493,791,494,499
496,494,756,495,499
495,494,577,492,497
495,493,382,493,497
494,494,292,493,496
493,493,233,496,496
494,493,245,492,495
493,493,272,493,499
495,494,345,492,496
495,493,463,493,497
494,493,583,493,497
496,494,747,491,498
496,493,804,492,498
496,494,770,492,497
496,493,693,493,495
495,493,488,494,497
495,493,331,495,497
494,493,262,496,497
492,494,235,495,495
492,493,263,492,498
496,493,289,492,495
493,493,397,494,496
494,493,515,493,497
494,493,650,491,496
495,493,784,493,496
494,493,788,493,499
496,493,755,492,495
494,493,615,494,497
495,493,404,493,496
494,493,303,494,496
493,493,234,490,496
493,493,241,491,498
495,494,277,491,496
494,493,326,490,496
495,493,444,493,496
494,493,566,496,496
493,493,731,493,497
496,493,799,494,496
495,493,783,495,499
494,493,712,495,498
495,493,522,495,497
494,493,342,495,496
496,493,270,495,496
493,493,239,493,497
495,493,250,493,495
493,493,283,492,494
494,493,378,492,496
494,493,497,494,498
495,493,631,492,496
493,493,775,493,499
496,493,798,495,499
496,493,767,495,499
495,493,645,493,496
495,493,426,493,496
494,493,310,493,497
494,493,234,495,496
494,493,236,492,495
494,493,265,492,495
493,493,326,495,496
495,493,427,494,497
493,493,549,493,497
495,493,707,492,498
497,493,800,494,498
495,493,788,495,498
494,494,728,492,496
494,493,545,494,496
495,493,358,494,497
495,493,278,494,496
494,494,234,493,495
495,494,251,494,498
495,494,277,492,496
495,493,365,494,497
495,494,480,493,497
495,493,611,493,498
496,494,769,492,498
493,493,795,493,499
495,493,772,492,496
495,493,668,496,497
494,493,450,494,496
494,493,320,493,496
493,493,251,492,498
496,493,230,491,495
495,494,269,494,496
495,494,307,491,497
496,494,413,492,497
495,494,536,492,497
495,494,684,496,496
493,494,799,495,499
495,493,786,493,496
494,494,751,496,498
495,494,572,495,496
495,494,378,494,496
495,493,290,493,496
494,494,230,492,498
495,494,244,492,495
495,493,273,492,495
496,493,346,492,496
495,493,465,495,497
495,494,591,493,498
493,494,753,494,498
495,492,805,495,499
493,492,776,495,499
494,494,688,496,497
496,494,477,495,498
495,493,323,493,496
495,494,256,496,498
494,494,232,495,497
493,493,259,495,495
494,493,295,494,496
495,494,400,494,497
495,493,520,493,498
494,494,658,492,496
494,494,787,493,497
496,493,795,492,497
496,494,756,496,497
494,493,605,494,498
494,493,395,494,497
495,494,296,494,499
496,494,237,494,499
495,494,245,494,497
497,494,271,495,497
494,494,336,495,499
495,494,447,496,498
495,494,569,494,498
495,493,734,493,497
495,493,805,496,497
497,493,779,493,496
494,494,699,494,498
496,493,507,494,497
496,494,334,494,498
494,494,269,495,498
495,494,229,492,497
494,494,255,495,497
496,493,289,492,496
493,493,380,494,497
494,493,500,494,497
495,494,636,493,499
496,494,786,494,498
496,494,800,496,498
494,493,767,494,497
497,494,631,494,498
497,494,416,493,496
495,493,304,494,496
495,495,237,493,495
495,494,237,495,498
494,493,266,495,497
493,493,320,496,496
495,493,433,493,497
494,494,555,495,497
494,493,722,494,499
494,494,801,493,497
495,493,782,493,497
496,493,725,492,497
497,493,537,494,496
495,493,349,493,497
496,494,273,493,495
493,494,240,495,498
494,493,253,495,498
494,494,281,496,497
493,494,369,493,497
494,493,485,494,498
495,493,623,494,496
494,494,769,494,497
496,493,798,492,497
496,493,771,496,496
494,493,659,493,498
496,493,438,494,496
495,493,315,494,498
496,493,246,494,500
496,494,237,496,498
496,493,264,492,497
495,493,311,492,498
496,494,417,494,497
493,493,542,494,497
494,494,687,493,496
494,493,798,493,497
495,493,791,496,498
496,493,749,493,497
494,493,560,494,497
495,493,365,494,497
495,494,285,494,498
496,493,238,492,496
495,493,248,496,498
494,493,276,492,497
493,493,350,494,496
494,494,469,494,497
494,493,596,493,496
495,494,769,494,496
496,494,802,495,498
495,493,778,493,499
497,493,679,493,499
497,493,467,493,498
495,493,319,494,496
494,493,253,496,499
495,493,229,492,496
493,493,259,495,496
494,494,299,495,496
494,493,400,494,497
494,494,525,494,498
494,493,667,493,497
494,493,800,496,498
496,493,796,493,498
497,493,760,492,499
497,494,593,494,497
495,493,386,494,497
495,493,291,493,496
495,493,236,495,497
494,493,244,497,497
494,493,268,495,496
494,493,339,493,498
495,494,451,494,497
495,493,578,494,497
495,494,746,492,497
495,493,803,493,498
496,493,779,494,496
494,493,694,494,499
496,493,490,495,497
496,493,331,493,497
495,493,262,495,498
495,493,231,496,497
494,493,255,495,496
496,493,289,492,496
494,494,384,494,498
496,493,512,493,497
495,493,645,492,496
494,493,782,491,498
495,493,798,494,497
493,493,766,494,498
494,493,616,496,498
495,493,407,494,496
495,493,300,495,498
495,493,235,495,495
495,493,238,496,497
493,493,265,493,498
496,493,321,494,496
493,493,437,495,497
494,493,558,494,497
494,493,731,494,499
495,493,803,493,497
494,493,780,493,497
497,493,718,492,498
497,493,526,494,498
496,493,339,493,497
495,493,267,493,495
493,493,233,495,498
496,493,249,492,496
494,493,280,496,496
493,493,368,494,497
494,494,490,493,498
495,493,630,493,496
494,493,782,496,498
495,493,802,493,497
496,493,772,494,498
497,493,651,493,498
495,493,427,494,496
495,493,308,494,497
495,493,231,495,498
494,493,236,496,496
494,493,263,495,496
494,493,312,492,498
496,492,421,495,497
494,493,548,494,498
495,493,701,492,496
495,493,802,493,497
496,493,787,493,498
497,493,740,492,496
494,493,549,494,497
496,493,355,494,496
494,493,281,495,498
495,493,237,495,498
493,493,246,496,497
494,493,277,492,497
493,493,353,495,498
496,493,474,494,496
494,493,606,493,496
494,493,762,494,496
496,493,802,496,497
494,493,778,494,498
497,493,666,495,497
496,493,457,493,496
495,493,320,494,497
494,493,248,496,499
495,493,232,492,496
494,493,258,493,498
496,493,300,494,496
494,493,408,494,496
494,493,529,494,497
494,493,674,493,497
494,493,799,496,497
496,493,794,494,497
494,493,752,493,499
496,493,581,495,497
495,493,376,495,497
495,493,287,493,496
495,493,236,496,496
494,493,243,493,497
495,493,268,495,495
494,493,337,494,496
494,493,457,494,498
496,493,587,494,496
496,493,752,496,499
494,493,805,493,498
495,494,780,494,498
495,493,690,494,499
495,493,480,494,496
495,493,328,494,497
495,494,249,493,498
494,493,228,495,496
493,493,255,495,496
493,493,287,494,495
493,493,390,493,497
495,492,516,493,497
493,493,655,495,498
496,493,789,493,497
496,493,796,494,497
496,493,762,493,498
494,493,604,493,497
494,492,396,494,496
494,493,294,494,498
494,492,235,494,496
493,493,239,495,496
493,493,267,492,497
496,493,324,493,495
494,493,443,493,497
494,492,566,493,496
494,493,733,493,496
495,493,804,493,497
494,492,780,492,497
496,493,703,494,495
494,492,514,491,497
495,493,336,492,496
495,493,270,495,497
494,493,230,496,496
496,493,253,494,495
493,493,280,493,498
496,493,374,493,496
493,492,498,493,496
494,493,632,492,496
495,492,783,496,497
494,493,801,493,498
494,493,761,493,500
496,492,641,494,497
495,492,421,494,496
494,493,303,495,496
496,493,230,495,496
493,493,237,493,498
496,493,258,493,495
494,493,314,492,496
494,493,426,493,497
494,493,553,494,497
495,493,713,491,497
493,493,799,493,498
496,493,789,493,498
495,492,736,494,498
495,493,541,495,497
495,492,349,493,496
495,493,275,495,496
496,493,228,493,495
494,493,245,493,495
494,493,275,493,494
494,493,359,493,498
495,493,482,493,496
494,493,616,495,497
493,493,771,492,498
495,493,804,493,497
496,493,775,494,498
496,493,657,493,496
495,493,447,493,496
494,493,310,495,497
494,492,242,495,498
493,493,235,495,496
493,493,260,493,498
496,493,305,493,495
493,493,417,494,497
495,492,536,494,496
495,493,686,492,495
495,493,800,493,496
496,493,789,493,496
494,493,748,493,498
497,492,562,494,497
494,493,366,493,497
495,493,288,494,497
494,493,236,495,496
493,492,244,492,496
492,493,271,495,498
495,492,348,494,496
494,493,465,493,496
493,493,594,493,496
494,493,755,495,499
494,493,805,492,497
497,493,774,495,496
497,493,684,493,499
496,492,474,493,496
495,492,323,494,497
495,493,244,492,498
496,493,234,492,496
496,493,255,494,496
493,493,295,494,495
492,493,399,494,496
493,493,522,494,497
493,493,667,494,499
493,492,792,492,497
494,493,794,492,498
497,493,762,492,498
496,493,600,494,498
495,493,388,493,496
494,492,293,493,497
494,493,225,492,496
494,493,240,494,496
494,493,269,494,495
493,493,331,494,496
495,493,450,493,497
494,493,574,494,498
493,493,741,492,496
495,493,805,492,497
497,493,784,492,498
496,493,693,494,496
495,493,504,493,497
495,493,329,493,498
494,493,262,495,498
494,493,232,495,496
493,493,254,495,496
493,493,281,492,498
496,493,383,492,496
494,493,506,494,498
495,493,641,493,496
495,493,783,493,498
495,493,799,493,498
494,493,761,493,499
496,493,632,493,496
494,493,409,493,497
495,493,303,493,497
494,493,235,495,497
493,493,239,493,498
496,493,263,494,495
495,493,326,493,496
494,493,432,493,497
494,493,557,492,496
495,493,719,492,499
494,493,801,493,498
496,493,780,494,495
494,493,725,494,500
496,492,532,494,497
495,493,347,493,497
493,493,274,495,497
496,493,226,492,495
494,493,249,493,498
496,493,274,493,496
494,493,366,493,496
494,493,491,494,497
495,493,623,495,498
495,493,776,491,497
494,493,800,494,499
495,493,773,494,499
496,493,659,495,498
495,493,435,494,497
495,493,306,494,496
494,493,237,492,496
496,493,229,494,496
494,493,259,493,496
494,493,310,493,495
494,493,422,494,498
494,493,545,493,497
494,493,703,492,497
497,493,804,493,498
497,493,792,493,498
496,493,749,494,498
496,493,551,494,497
495,493,361,493,497
494,493,279,491,498
495,493,233,493,496
493,493,245,494,495
494,493,273,495,498
496,493,355,494,496
494,492,476,494,497
495,493,604,493,497
495,493,764,492,496
496,493,809,493,498
497,493,771,494,496
497,493,680,493,495
495,493,461,494,497
495,493,320,494,497
494,493,249,496,498
493,493,231,493,497
496,493,254,494,495
494,493,308,493,499
494,493,404,493,497
495,493,531,493,496
496,493,675,492,496
496,493,797,493,497
494,493,792,494,499
496,493,755,494,496
494,493,586,494,497
496,493,383,493,497
495,493,291,494,496
494,493,227,491,497
494,493,240,493,497
496,493,274,493,496
494,493,335,493,496
495,493,457,493,497
493,493,583,495,497
493,493,752,491,497
496,493,804,494,496
495,493,783,494,500
495,493,698,495,499
495,493,493,494,497
495,493,325,494,497
495,493,255,492,497
497,493,225,493,495
495,493,250,492,496
495,493,285,493,495
495,494,392,493,497
494,493,514,494,498
495,493,654,492,496
493,493,789,494,499
495,493,800,494,498
495,493,767,495,499
494,493,620,493,497
496,493,401,494,497
495,493,298,493,498
494,493,224,494,497
495,493,235,492,496
495,493,266,493,496
494,493,328,495,497
496,493,442,494,497
494,493,567,493,498
496,493,736,492,499
496,493,810,494,498
494,493,782,492,497
496,493,714,496,497
497,493,521,493,497
494,493,335,494,496
494,493,265,493,495
493,493,228,492,496
495,493,249,495,498
494,493,281,492,496
496,493,374,495,497
495,493,498,493,498
496,493,636,494,499
496,493,785,494,498
496,493,799,493,498
494,493,770,493,497
497,493,641,494,496
495,493,423,494,496
494,493,305,493,495
495,493,239,494,499
495,493,232,492,496
493,493,262,494,497
496,493,318,492,499
496,493,427,493,497
495,493,552,493,497
494,493,704,495,500
495,493,806,493,497
496,493,787,495,497
494,493,736,495,497
494,493,545,493,496
494,493,358,494,496
494,493,279,495,496
495,493,228,495,496
493,493,247,492,497
497,493,276,494,498
496,493,363,494,498
494,493,477,494,497
494,493,613,494,498
495,493,770,492,497
494,493,802,495,497
494,493,772,494,496
494,493,666,495,499
495,493,452,494,496
495,493,319,494,497
494,493,239,492,496
496,493,231,492,498
497,493,262,492,497
496,493,301,493,495
495,493,413,493,496
494,493,535,494,497
493,493,687,496,499
494,493,800,495,497
494,493,792,494,495
494,493,759,493,499
497,493,571,491,496
495,493,373,493,496
495,493,283,492,497
496,493,227,492,496
496,493,245,494,495
493,493,266,494,499
495,493,340,493,496
495,494,465,494,497
495,493,591,495,498
494,493,761,496,498
494,494,810,494,498
495,493,775,493,499
495,493,693,493,496
495,493,477,493,497
495,492,321,492,496
496,493,254,496,497
493,493,229,493,498
496,493,251,493,495
495,493,298,494,499
494,493,397,495,498
495,493,522,494,498
494,493,660,496,497
496,493,794,494,496
495,493,804,494,499
494,493,759,493,496
496,493,601,492,497
495,493,394,493,495
495,493,291,495,496
497,493,229,492,495
494,493,234,494,499
496,493,267,495,499
495,493,331,495,497
494,493,447,494,497
494,493,571,494,497
494,494,746,493,498
493,493,804,493,497
495,493,781,492,497
496,493,704,492,496
494,493,509,495,497
495,493,330,494,496
494,493,262,494,498
496,494,228,495,500
495,493,252,495,498
495,493,284,495,498
494,493,379,493,497
495,493,502,494,497
495,493,643,494,496
492,493,782,494,497
495,493,801,492,497
496,493,771,496,499
494,493,634,493,498
496,493,415,493,497
495,493,302,493,499
495,493,232,493,499
495,493,237,495,498
495,493,259,492,497
494,493,317,491,498
495,494,431,495,497
494,493,554,494,497
495,493,716,493,496
494,493,810,496,498
494,493,788,493,497
494,493,730,495,498
497,493,538,494,497
496,493,347,493,498
496,493,276,494,498
496,493,234,492,496
495,493,247,495,497
494,493,279,492,497
493,493,362,494,497
495,493,485,493,497
494,493,620,493,496
495,492,782,495,498
496,493,806,495,497
494,493,777,493,499
497,493,662,493,499
496,493,439,493,497
495,493,309,493,496
495,493,239,495,500
496,493,230,492,496
494,493,257,495,497
494,493,305,494,496
495,493,415,494,497
495,493,545,494,497
496,493,702,495,499
495,493,807,493,497
497,493,793,493,499
497,493,752,493,499
497,493,565,494,497
494,493,363,494,498
494,493,282,492,496
495,494,231,495,497
494,493,238,495,496
494,493,269,494,495
493,493,354,494,498
495,493,467,494,497
495,493,604,495,497
495,493,765,493,497
497,493,809,493,498
497,493,783,493,495
493,493,675,494,499
496,493,464,493,497
495,493,320,494,497
494,493,246,496,499
495,493,227,495,497
494,494,258,493,497
494,493,292,494,499
496,493,406,494,496
494,493,525,494,497
495,493,669,492,498
496,494,797,493,498
496,493,797,495,497
494,493,764,493,500
494,493,588,493,498
496,493,383,494,498
495,493,291,495,498
495,493,234,495,496
496,493,238,496,498
494,493,268,493,498
497,494,330,494,496
494,493,451,494,498
495,493,578,493,496
494,494,756,493,500
495,493,805,492,498
494,493,785,491,498
497,494,696,491,499
497,493,496,493,497
496,493,329,495,496
494,494,258,494,500
497,494,223,492,495
494,493,255,496,497
494,493,284,496,498
495,493,385,493,497
495,493,512,493,497
495,493,649,493,496
494,493,797,494,498
493,493,799,494,497
496,493,766,493,497
497,494,625,493,498
496,493,404,494,497
496,493,297,493,496
495,493,223,494,499
494,494,236,495,497
495,493,263,495,497
494,493,322,492,497
495,493,435,494,498
495,493,563,493,499
494,494,725,494,496
494,493,804,492,497
496,493,784,491,496
494,493,722,496,496
498,493,525,493,497
495,493,339,493,497
496,494,272,494,499
496,493,230,494,499
495,494,252,494,498
494,494,278,492,496
494,493,370,494,497
496,493,493,493,497
494,493,626,494,497
494,493,775,494,497
496,493,803,495,498
494,493,769,492,498
497,493,651,495,497
496,493,429,493,497
495,493,305,494,498
496,493,239,492,499
494,493,229,492,499
494,493,262,492,496
496,493,318,496,497
493,494,423,495,498
495,493,547,494,497
495,493,709,493,499
496,494,800,493,497
495,493,792,495,497
496,494,741,493,497
497,493,549,493,497
496,493,357,493,497
495,493,281,494,496
493,493,233,494,499
495,493,244,492,497
494,493,277,496,499
495,493,356,496,498
495,493,477,493,497
495,493,609,493,497
494,493,767,493,499
495,493,802,494,497
495,494,773,493,498
496,493,668,493,497
497,493,459,494,497
495,494,316,493,498
495,493,242,495,497
497,494,237,494,499
495,494,263,495,499
494,494,308,495,496
495,494,408,494,498
495,493,529,493,498
496,494,681,496,496
494,494,797,495,498
495,494,790,494,497
495,494,755,494,497
495,493,583,496,497
495,493,374,494,500
495,493,288,493,497
496,493,227,492,498
497,493,245,493,498
497,493,270,495,496
494,493,344,495,499
496,494,460,494,497
495,494,590,495,498
494,493,758,496,499
494,493,804,495,498
496,493,782,495,496
495,493,693,493,500
496,493,482,494,496
494,492,324,494,497
495,493,250,491,495
494,493,234,495,498
496,494,256,493,497
495,494,292,492,498
496,494,397,494,497
496,494,515,494,498
496,493,656,493,499
498,494,788,492,496
495,494,799,494,500
497,494,761,492,500
495,494,610,495,498
495,494,397,495,498
496,494,296,496,498
496,493,236,495,496
494,493,245,495,499
495,493,268,493,496
495,493,328,493,497
495,493,443,493,497
495,493,570,494,496
496,494,740,493,497
495,493,801,494,498
494,493,784,496,498
494,493,708,496,498
495,493,515,493,497
495,493,334,495,497
494,493,266,494,499
494,493,229,493,496
495,493,250,493,497
496,493,283,492,497
496,493,378,493,497
494,493,497,494,498
496,493,634,494,497
494,493,786,494,499
494,493,800,496,499
495,493,767,495,499
495,493,637,493,496
494,493,418,495,497
496,493,305,494,496
494,493,229,495,496
495,494,234,493,496
495,493,263,495,498
494,493,318,493,497
496,493,429,495,498
495,493,554,493,496
496,493,715,494,500
497,493,801,495,500
496,493,782,493,498
494,493,734,493,498
498,493,539,495,497
495,493,354,495,497
494,493,275,494,496
494,493,229,492,496
495,494,258,495,498
495,494,278,493,498
494,493,365,493,497
495,493,483,494,497
495,493,614,494,499
497,493,773,495,496
495,493,804,496,499
494,493,767,493,498
495,494,665,497,497
495,493,446,495,497
495,493,316,495,497
496,493,246,492,496
493,493,230,494,499
496,493,260,492,496
495,493,307,493,496
495,494,413,494,497
496,493,541,495,497
494,493,690,493,498
494,493,793,494,499
496,493,793,495,500
495,493,752,496,500
495,494,567,495,498
495,493,373,493,496
496,493,285,495,497
494,493,234,492,498
494,493,244,493,496
495,493,272,493,496
494,494,345,493,497
495,493,470,494,498
495,494,593,495,498
495,493,761,493,498
496,493,805,495,499
496,493,775,496,500
496,493,675,493,497
496,493,474,494,497
495,493,321,493,497
495,494,253,495,496
494,494,232,494,496
494,493,258,493,499
496,493,306,492,496
495,493,404,493,498
495,493,525,492,496
496,493,666,491,497
497,494,790,495,499
497,493,794,495,500
495,493,754,494,500
496,493,600,494,497
496,493,392,494,498
494,494,296,495,498
493,493,235,496,497
494,493,250,493,498
496,493,268,492,496
495,493,341,494,497
495,493,451,495,497
494,495,573,494,497
496,493,739,492,498
494,493,802,494,498
496,493,772,494,497
496,493,702,495,499
495,493,502,495,498
495,493,334,495,498
495,493,262,493,496
494,494,233,496,499
497,494,259,493,496
495,493,287,493,495
494,493,386,493,497
494,493,507,494,497
496,494,646,496,498
493,493,782,494,499
495,493,792,494,499
496,493,768,495,500
496,493,630,495,499
495,493,413,495,497
495,493,303,495,497
494,493,230,492,497
497,493,239,494,496
494,493,267,494,496
494,494,320,493,497
496,493,439,494,497
494,493,557,494,498
494,493,724,493,498
497,493,806,494,499
496,493,784,494,500
496,493,722,494,497
495,493,534,494,498
495,493,344,494,496
495,493,276,495,497
494,494,238,495,496
494,494,253,495,497
494,493,281,494,499
496,493,377,493,497
495,493,491,494,499
495,493,625,493,498
496,493,773,493,498
497,493,800,494,499
498,493,765,493,496
496,493,658,496,497
496,493,433,494,497
495,493,314,495,497
495,493,242,497,498
494,493,233,493,499
496,493,262,493,496
494,494,321,494,499
496,494,421,493,496
495,494,543,494,497
495,493,696,494,499
494,493,796,496,499
496,493,792,494,496
495,493,748,495,499
495,493,558,495,497
496,493,367,494,498
495,493,283,496,497
494,493,236,493,498
494,493,247,494,500
496,493,281,492,495
495,493,357,493,497
495,493,472,494,498
495,493,601,495,497
494,493,766,493,498
496,493,798,494,497
496,493,778,494,499
496,493,679,495,499
495,493,463,494,497
496,493,320,494,497
494,493,247,494,498
497,493,231,494,496
495,493,260,493,496
495,494,301,494,496
496,494,410,495,498
495,493,530,494,498
494,493,672,496,499
497,493,799,495,499
496,493,794,496,499
495,493,756,496,500
495,493,585,493,497
496,493,382,494,497
495,493,290,493,498
494,493,230,495,496
494,493,243,493,496
495,493,270,493,497
494,493,344,495,497
495,494,457,494,498
494,493,584,493,498
496,493,753,493,499
495,493,804,495,500
495,493,772,492,497
496,493,694,497,498
496,493,486,494,497
495,493,328,494,497
495,493,258,494,496
494,493,228,494,499
496,493,263,492,496
496,494,296,496,498
494,493,393,493,498
496,493,514,494,497
495,494,653,494,500
497,494,788,495,500
496,494,792,493,499
495,493,763,493,497
497,493,614,495,497
495,492,404,494,497
495,493,299,495,497
494,493,234,492,498
497,493,238,493,496
496,493,271,495,496
495,493,327,492,497
495,493,441,494,497
494,493,562,493,499
493,493,729,493,499
496,493,799,495,497
495,493,785,496,499
495,493,716,497,499
495,493,520,495,497
495,493,341,493,497
494,493,270,495,498
497,494,237,493,496
495,493,252,492,496
495,494,283,492,496
495,494,376,493,497
496,493,498,493,498
495,494,635,493,499
494,493,775,494,499
496,493,804,495,499
495,493,771,497,499
495,493,646,497,497
496,493,425,494,496
494,493,307,494,499
497,494,231,494,495
495,493,236,492,496
495,493,263,493,497
496,493,321,495,497
495,493,430,493,497
494,493,549,494,499
496,493,714,494,499
496,494,805,496,498
495,493,787,492,497
497,493,740,496,496
494,494,543,494,497
495,493,357,494,497
495,493,277,494,495
494,493,229,493,496
495,493,247,493,499
495,493,283,493,496
496,493,361,495,498
495,493,482,494,498
496,493,617,494,499
497,494,773,494,499
495,493,799,493,497
495,493,775,496,498
497,493,664,496,497
495,493,450,495,496
495,493,317,494,496
495,494,240,493,500
497,493,231,492,496
496,493,266,496,498
498,493,308,492,497
497,493,414,493,497
496,493,535,493,498
495,493,679,494,499
498,493,803,494,497
496,493,792,496,498
494,494,753,496,498
493,493,572,495,497
493,493,375,494,497
494,493,289,493,499
494,493,228,493,498
494,493,247,492,497
496,493,276,493,496
496,493,348,493,498
495,493,463,494,497
494,493,595,494,498
495,493,753,494,497
495,493,807,495,498
495,493,779,494,497
494,493,685,495,497
497,493,479,491,497
495,493,324,492,498
495,493,248,493,495
495,493,232,494,496
496,493,258,494,496
496,493,294,496,497
494,493,402,494,497
494,493,522,495,499
495,493,666,495,500
495,493,797,496,498
494,493,796,496,498
494,493,757,492,498
498,493,599,495,496
495,493,392,494,498
495,493,292,493,496
495,493,228,493,497
496,494,241,493,497
494,494,268,496,498
498,494,337,494,497
495,494,450,493,498
496,493,575,495,499
495,494,747,496,501
496,493,803,493,498
497,493,782,496,496
497,494,705,493,497
496,493,504,494,497
496,493,334,494,497
495,494,262,494,500
496,494,233,493,497
497,493,257,496,497
494,494,287,493,499
498,494,386,494,498
496,493,503,494,498
495,493,642,495,500
495,493,780,494,498
494,493,801,494,498
497,494,764,495,497
495,494,631,494,497
495,493,415,494,497
495,494,304,494,499
496,494,229,493,495
494,494,239,496,498
498,493,266,493,498
498,494,324,493,497
497,494,433,494,498
496,494,554,493,498
496,494,717,493,497
495,494,804,495,498
494,494,785,496,497
494,494,727,497,497
494,493,536,494,498
495,494,347,494,498
495,494,277,493,497
495,493,226,492,497
496,493,250,493,497
496,493,280,492,497
496,493,367,494,498
495,493,487,494,497
495,494,620,495,500
497,493,777,493,499
497,493,807,495,500
496,493,774,496,497
495,494,653,495,498
495,493,436,495,497
494,494,310,495,497
496,494,243,494,499
496,494,237,495,498
495,493,257,493,496
497,493,316,493,496
494,493,414,493,498
496,493,541,493,498
496,493,698,492,497
496,492,801,494,496
495,492,792,494,499
495,493,743,495,496
497,493,560,495,498
497,493,363,493,497
494,493,287,494,497
495,493,235,493,497
497,494,246,494,497
495,493,274,492,497
497,493,347,494,497
495,493,469,496,497
495,494,599,494,496
495,494,768,496,499
497,494,806,494,498
495,494,776,495,499
498,494,674,493,498
497,494,466,494,497
495,494,320,495,499
496,494,245,493,496
495,494,237,496,498
496,493,255,493,496
497,493,297,494,496
494,493,405,495,497
496,493,526,494,497
496,493,670,494,499
497,494,794,494,497
495,494,789,495,496
496,493,755,495,497
495,493,589,496,497
495,494,383,495,497
496,494,292,495,498
497,493,230,497,497
496,494,239,494,496
495,494,271,496,497
494,494,336,494,497
497,494,457,495,497
495,494,583,494,499
495,494,751,496,498
497,493,805,495,496
495,494,781,496,497
497,493,696,493,497
496,492,496,493,496
495,493,330,496,497
495,493,259,495,498
494,493,232,495,496
494,493,255,493,498
496,493,291,496,497
495,494,389,494,497
494,493,511,494,498
495,493,652,496,497
496,494,794,495,499
493,493,799,493,498
496,492,766,495,499
496,493,618,493,497
494,493,404,493,497
495,493,300,494,496
494,494,233,496,498
496,493,241,493,496
494,493,265,495,498
495,493,320,493,497
495,493,438,494,497
496,494,564,494,497
496,494,734,497,501
496,494,806,493,499
495,494,784,495,499
497,494,719,494,499
498,493,526,493,497
496,493,342,493,496
495,494,266,495,500
496,494,230,492,496
496,494,251,496,497
495,494,279,496,497
495,493,372,494,496
494,493,495,494,497
496,493,631,495,497
495,494,776,497,498
494,493,802,494,497
498,493,772,494,499
498,493,651,495,498
496,493,424,494,497
495,493,307,494,498
496,494,232,492,498
494,493,233,496,496
494,493,260,494,496
494,494,314,494,499
496,493,426,494,497
495,493,552,494,498
495,493,706,493,498
497,494,804,494,498
497,493,792,494,499
496,493,736,495,496
497,493,552,495,496
495,493,357,494,498
495,493,279,496,498
495,494,234,496,497
495,494,248,496,496
495,494,279,495,500
497,494,354,493,497
496,494,479,494,498
496,493,608,492,498
498,494,767,491,497
497,493,805,494,497
